use BUDT758_DB_0502_11

INSERT INTO Station VALUES ('01', '1 Lot NN ', '05','Meter');
INSERT INTO Station VALUES ('02', 'Stadium Dr Garage Northside Near Atrium', '06','Meter');
INSERT INTO Station VALUES ('03', 'Level One-Lot B Regents Garage Northeast Corner 10', '03','Meter');
INSERT INTO Station VALUES ('04', 'Level One - Lot B Regents Garage Northeast Corner 10  ', '08','Meter');
INSERT INTO Station VALUES ('05', 'Level One - Lot B Regents Garage Northeast Corner 10  ', '07','Meter');
INSERT INTO Station VALUES ('06', 'Level One - Lot B Regents Garage Northeast Corner 10  ', '12','Meter');
INSERT INTO Station VALUES ('07', 'Level One - Lot B Regents Garage Northeast Corner 10 ', '11','Meter');
INSERT INTO Station VALUES ('08', 'Level One - Lot B Regents Garage Northeast Corner 10 ', '09','Meter');
INSERT INTO Station VALUES ('09', 'Level One - Lot B Regents Garage Northeast Corner 10  ', '05','Meter');
INSERT INTO Station VALUES ('10', 'Level One - Lot B Regents Garage Northeast Corner 10  ', '05','Meter');
INSERT INTO Station VALUES ('11', 'Level One - Lot B Regents Garage Northeast Corner 10  ', '09','Meter');
INSERT INTO Station VALUES ('12', 'Level One - Lot B Regents Garage Northeast Corner 10  ', '11','Meter');
INSERT INTO Station VALUES ('13', 'Level One - Lot B Regents Garage Northeast Corner 10 ', '13','Meter');
INSERT INTO Station VALUES ('14', 'Lot EE', '05','Meter');
INSERT INTO Station VALUES ('15', 'Visitor Center', '05','Meter');
INSERT INTO Station VALUES ('16', 'Service Building', '02','Meter');
INSERT INTO Station VALUES ('17', 'Lot MV', '06','Meter');
INSERT INTO Station VALUES ('18', 'Lot MV', '04','Meter');

insert into Car (cId) values ('EDP979');
insert into Car (cId) values ('PQC703');
insert into Car (cId) values ('GNQ765');
insert into Car (cId) values ('TXQ253');
insert into Car (cId) values ('RRO654');
insert into Car (cId) values ('SWO102');
insert into Car (cId) values ('EVQ201');
insert into Car (cId) values ('CHL481');
insert into Car (cId) values ('BRV002');
insert into Car (cId) values ('UKX870');
insert into Car (cId) values ('VJC918');
insert into Car (cId) values ('UZP282');
insert into Car (cId) values ('DVL518');
insert into Car (cId) values ('QVK816');
insert into Car (cId) values ('NUL419');
insert into Car (cId) values ('QHP929');
insert into Car (cId) values ('GDQ343');
insert into Car (cId) values ('ZJK877');
insert into Car (cId) values ('LPL942');
insert into Car (cId) values ('CNH963');
insert into Car (cId) values ('MJS830');
insert into Car (cId) values ('ENE137');
insert into Car (cId) values ('UYZ747');
insert into Car (cId) values ('IBO350');
insert into Car (cId) values ('NRQ813');
insert into Car (cId) values ('PCS134');
insert into Car (cId) values ('YIN813');
insert into Car (cId) values ('VHI014');
insert into Car (cId) values ('MZZ537');
insert into Car (cId) values ('OBV558');
insert into Car (cId) values ('BZP955');
insert into Car (cId) values ('FRE183');
insert into Car (cId) values ('FNQ044');
insert into Car (cId) values ('JHY942');
insert into Car (cId) values ('QMO559');
insert into Car (cId) values ('DXQ330');
insert into Car (cId) values ('LXV303');
insert into Car (cId) values ('DYL761');
insert into Car (cId) values ('WTM203');
insert into Car (cId) values ('NED139');
insert into Car (cId) values ('XEL413');
insert into Car (cId) values ('GGW172');
insert into Car (cId) values ('SGB022');
insert into Car (cId) values ('ZTM512');
insert into Car (cId) values ('QCJ519');
insert into Car (cId) values ('EDY278');
insert into Car (cId) values ('QOC605');
insert into Car (cId) values ('HCT868');
insert into Car (cId) values ('MEI991');
insert into Car (cId) values ('DLU559');



INSERT INTO Driver VALUES ('DR101','Jason','Smith','BRV002')
INSERT INTO Driver VALUES ('DR102','Kevin','Naik','BZP955')
INSERT INTO Driver VALUES ('DR103','Steven','Craig','CHL481')
INSERT INTO Driver VALUES ('DR104','Gabriele','Johnson','CNH963')
INSERT INTO Driver VALUES ('DR105','Onyeka','Onubogu','DLU559')
INSERT INTO Driver VALUES ('DR106','Abrahm','Shiekh','DVL518')
INSERT INTO Driver VALUES ('DR107','Joe','Christian','DXQ330')
INSERT INTO Driver VALUES ('DR108','Stuart','Broad','DYL761')
INSERT INTO Driver VALUES ('DR109','Amy','Jackson','EDP979')
INSERT INTO Driver VALUES ('DR110','Lisa','Ray','EDY278')
INSERT INTO Driver VALUES ('DR111','Sean','Paul','ENE137')
INSERT INTO Driver VALUES ('DR112','Shawn','Pollock','EVQ201')
INSERT INTO Driver VALUES ('DR113','Joe','Root','FNQ044')
INSERT INTO Driver VALUES ('DR114','Andrew','Gibson','FRE183')
INSERT INTO Driver VALUES ('DR115','Jack','Swann','GDQ343')
INSERT INTO Driver VALUES ('DR116','Colin','Drew','GGW172')
INSERT INTO Driver VALUES ('DR117','Will','Diesel','GNQ765')
INSERT INTO Driver VALUES ('DR118','Rohit','Vachhani','HCT868')
INSERT INTO Driver VALUES ('DR119','Michael','Vaughn','IBO350')
INSERT INTO Driver VALUES ('DR120','Mitchell','Bradman','JHY942')

INSERT INTO Driver VALUES ('DR121','Jaques','philipps','RRO654')
INSERT INTO Driver VALUES ('DR122','John','Abrahm','LPL942')
INSERT INTO Driver VALUES ('DR123','Hritik','Roshan','LXV303')
INSERT INTO Driver VALUES ('DR124','Shahid','Kapoor','MEI991')
INSERT INTO Driver VALUES ('DR125','Ali','Faisal','MJS830')
INSERT INTO Driver VALUES ('DR126','Michael','Jackson','MZZ537')
INSERT INTO Driver VALUES ('DR127','Tiger','Shroff','NED139')
INSERT INTO Driver VALUES ('DR128','Sam','Sharma','NRQ813')
INSERT INTO Driver VALUES ('DR129','Harry','Kapoor','NUL419')
INSERT INTO Driver VALUES ('DR130','Kavya','Auratottam','OBV558')
INSERT INTO Driver VALUES ('DR131','Tom','Cruise','PCS134')
INSERT INTO Driver VALUES ('DR132','Bryan','Fills','PQC703')
INSERT INTO Driver VALUES ('DR133','Garret','Chews','QCJ519')
INSERT INTO Driver VALUES ('DR134','Jolly','Jennings','QHP929')
INSERT INTO Driver VALUES ('DR135','Mike','Ross','QMO559')
INSERT INTO Driver VALUES ('DR136','William','James','QOC605')
INSERT INTO Driver VALUES ('DR137','Oliver','Clarke','QVK816')
INSERT INTO Driver VALUES ('DR138','Jack','Jones','SGB022')
INSERT INTO Driver VALUES ('DR139','Alexander','DSouza','SWO102')
INSERT INTO Driver VALUES ('DR140','Ross','Gallen','TXQ253')
INSERT INTO Driver VALUES ('DR141','Rachel','Green','UKX870')
INSERT INTO Driver VALUES ('DR142','John','Malone','UYZ747')
INSERT INTO Driver VALUES ('DR143','Henry','Nicholls','UZP282')
INSERT INTO Driver VALUES ('DR144','Oliver','Sebastian','VHI014')
INSERT INTO Driver VALUES ('DR145','Michael','Clarke','VJC918')
INSERT INTO Driver VALUES ('DR146','Roger','Binny','WTM203')
INSERT INTO Driver VALUES ('DR147','Stuart','Binny','XEL413')
INSERT INTO Driver VALUES ('DR148','James','Rogerden','YIN813')
INSERT INTO Driver VALUES ('DR149','Harper','Rizak','ZJK877')
INSERT INTO Driver VALUES ('DR150','Joseph','Chillen','ZTM512')


Insert into Port values(1.1, '10/12/2018', '14:00', '16:00', 2, 13, 26, '01', 'BRV002')

Insert into Port values(2.1, '12/12/2018', '13:00', '16:00', 3, 13, 39, '02', 'BZP955')
Insert into Port values(1.3, '11/3/2018', '9:00', '12:00', 3, 13, 39, '01', 'CHL481')
Insert into Port values(3.5, '2/24/2019', '13:00', '14:00', 1, 13, 13, '03', 'CNH963')
Insert into Port values(2.1, '3/13/2019', '18:00', '20:00', 2, 13, 26, '02', 'DLU559')
Insert into Port values(2.4, '3/4/2018', '14:00', '16:00', 2, 13, 26, '02', 'DVL518')
Insert into Port values(8.7, '3/4/2019', '15:00', '16:00', 1, 13, 213, '08', 'DXQ330')
Insert into Port values(5.3, '3/16/2018', '12:00', '13:00', 1, 13, 13, '05', 'ENE137')
Insert into Port values(7.6, '7/22/2019', '10:00', '13:00', 3, 13, 39, '07', 'DYL761')
Insert into Port values(1.4, '4/17/2019', '16:00', '18:00', 2, 13, 26, '01', 'EDP979')
Insert into Port values(2.7, '9/28/2019', '10:30', '11:30', 1, 13, 13, '02', 'EDY278')
Insert into Port values(9.1, '10/12/2019', '11:30', '13:30', 2, 13, 26, '09', 'EVQ201')
Insert into Port values(7.2, '1/12/2019', '12:00', '13:00', 1, 13, 13, '07', 'FNQ044')
Insert into Port values(3.2, '10/1/2019', '11:30', '13:30', 2, 13, 26, '03', 'FRE183')
Insert into Port values(4.1, '6/7/2019', '13:30', '15:30', 2, 13, 26, '04', 'GDQ343')
Insert into Port values(6.3, '5/12/2018', '10:30', '12:30', 2, 13, 26, '06', 'GGW172')
Insert into Port values(2.1, '8/19/2019', '10:00', '13:00', 3, 13, 39, '02', 'GNQ765')
Insert into Port values(1.2, '8/19/2019', '16:00', '17:00', 1, 13, 13, '01', 'HCT868')
Insert into Port values(7.6, '3/2/2019', '11:00', '13:00', 2, 13, 26, '07', 'IBO350')
Insert into Port values(3.3, '7/23/2019', '14:00', '15:00', 1, 13, 13, '03', 'JHY942')
Insert into Port values(1.1, '8/29/2019', '9:00', '12:00', 3, 13, 39, '01', 'LPL942')
Insert into Port values(2.2, '5/31/2019', '10:00', '11:00', 1, 13, 13, '02', 'LXV303')
Insert into Port values(2.1, '5/12/2018', '16:00', '17:00', 1, 13, 13, '02', 'MEI991')
Insert into Port values(7.3, '8/11/2018', '12:00', '16:00', 4, 13, 52, '07', 'MJS830')
Insert into Port values(17.5, '12/11/2018', '10:00', '13:00', 3, 13, 39, '17', 'ZTM512')
Insert into Port values(16.6, '10/11/2018', '09:00', '19:00', 10, 13, 130, '16', 'ZJK877')
Insert into Port values(12.1, '06/11/2018', '10:00', '12:00', 2, 13, 26, '12', 'YIN813')
Insert into Port values(10.5, '10/12/2018', '11:00', '13:00', 2, 13, 26, '10', 'XEL413')
Insert into Port values(16.6, '10/11/2018', '10:00', '13:00', 13, 13, 190, '16', 'WTM203')
Insert into Port values(12.6, '06/11/2018', '17:00', '20:00', 3, 13, 39, '12', 'VJC918')
Insert into Port values(11.5, '10/31/2018', '09:00', '13:00', 4, 13, 52, '11', 'VHI014')
Insert into Port values(1.6, '10/27/2018', '11:00', '19:00', 8, 13, 104, '11', 'UZP282')
Insert into Port values(12.6, '01/12/2019', '15:00', '17:00', 2, 13, 26, '12', 'UYZ747')
Insert into Port values(10.6, '09/01/2019', '12:00', '14:00', 2, 13, 26, '10', 'UKX870')
Insert into Port values(16.1, '04/02/2019', '10:00', '13:00', 3, 13, 39, '16', 'TXQ253')
Insert into Port values(13.6, '10/12/2019', '10:00', '12:00', 2, 13, 26, '13', 'SWO102')
Insert into Port values(14.6, '11/01/2019', '17:00', '19:00', 2, 13, 26, '14', 'SGB022')
Insert into Port values(15.6, '10/02/2019', '09:00', '12:00', 3, 13, 39, '15', 'RRO654')
Insert into Port values(4.6, '10/24/2019', '09:00', '17:00', 8, 13, 104, '16', 'QVK816')
Insert into Port values(11.6, '09/01/2019', '11:00', '14:00', 3, 13, 39, '11', 'QOC605')
Insert into Port values(17.6, '03/02/2019', '10:00', '13:00', 3, 13, 39, '17', 'QMO559')
Insert into Port values(13.3, '12/12/2019', '08:00', '12:00', 4, 13, 52, '13', 'QHP929')
Insert into Port values(14.5, '11/01/2019', '19:00', '21:00', 2, 13, 26, '14', 'QCJ519')
Insert into Port values(15.2, '02/12/2019', '10:00', '12:00', 2, 13, 26, '15', 'PQC703')
Insert into Port values(8.2, '8/12/2019', '09:00', '17:00', 8, 13, 104, '16', 'QVK816')
Insert into Port values(11.2, '10/01/2019', '10:00', '14:00', 4, 13, 52, '11', 'PCS134')
Insert into Port values(17.7, '02/02/2019', '10:00', '13:00', 3, 13, 39, '17', 'OBV558')
Insert into Port values(13.2, '02/12/2019', '10:00', '12:00', 2, 13, 26, '13', 'NUL419')
Insert into Port values(14.4, '10/02/2019', '12:00', '19:00', 7, 13, 91, '14', 'NRQ813')
Insert into Port values(15.4, '10/02/2019', '09:00', '12:00', 3, 13, 39, '15', 'NED139')
Insert into Port values(2.6, '10/25/2019', '09:00', '17:00', 8, 13, 104, '16', 'QVK816')
Insert into Port values(11.4, '09/01/2019', '11:00', '14:00', 3, 13, 39, '11', 'MZZ537')

Select * from Park
Insert into Park values('01',1.1,'9:00','LPL942')
Insert into Park values('01',1.1,'14:00','BRV002')
Insert into Park values('01',1.2,'16:00','HCT868')
Insert into Park values('01',1.3,'9:00','CHL481')
Insert into Park values('01',1.4,'16:00','EDP979')
Insert into Park values('01',1.6,'11:00','UZP282')
Insert into Park values('10',10.5,'11:00','XEL413')
Insert into Park values('10',10.6,'12:00','UKX870')
Insert into Park values('11',11.2,'10:00','PCS134')
Insert into Park values('11',11.4,'11:00','MZZ537')
Insert into Park values('11',11.5,'9:00','VHI014')
Insert into Park values('11',11.6,'11:00','QOC605')
Insert into Park values('12',12.1,'10:00','YIN813')
Insert into Park values('12',12.6,'15:00','UYZ747')
Insert into Park values('12',12.6,'17:00','VJC918')
Insert into Park values('13',13.2,'10:00','NUL419')
Insert into Park values('13',13.6,'10:00','SWO102')
Insert into Park values('14',14.4,'12:00','NRQ813')
Insert into Park values('14',14.6,'17:00','SGB022')
Insert into Park values('15',15.4,'9:00','NED139')
Insert into Park values('15',15.6,'9:00','RRO654')
Insert into Park values('16',16.1,'10:00','TXQ253')
Insert into Park values('16',16.6,'9:00','ZJK877')
Insert into Park values('17',17.5,'10:00','WTM203')
Insert into Park values('17',17.6,'10:00','ZTM512')
Insert into Park values('09', 9.1,'11:30','EVQ201')
Insert into Park values('08', 8.7,'15:00','DXQ330')
Insert into Park values('08',8.2,'09:00','QVK816')
Insert into Park values('07', 7.6,'11:00','IBO350')
Insert into Park values('07', 7.6,'10:00','DYL761')
Insert into Park values('07', 7.3,'12:00','MJS830')
Insert into Park values('07', 7.2,'12:00','FNQ044')
Insert into Park values('06', 6.3,'10:30','GGW172')
Insert into Park values('05',11.5,'09:00','VHI014')
Insert into Park values('05', 5.3,'12:00','ENE137')
Insert into Park values('04', 4.6,'09:00','QVK816')
Insert into Park values('04', 4.1,'13:30','GDQ343')
Insert into Park values('03', 3.5,'13:00','CNH963')
Insert into Park values('03', 3.3,'14:00','JHY942')
Insert into Park values('03', 3.2,'11:30','FRE183')
Insert into Park values('02',2.7,'10:30','EDY278')
Insert into Park values('17', 17.5,'10:00','ZTM512')
Insert into Park values('17', 17.6,'10:00','QMO559')
Insert into Park values('17',17.7,'10:00','OBV558')
Insert into Park values('02', 2.1,'10:00','GNQ765')
Insert into Park values('02', 2.1,'13:00','BZP955')
Insert into Park values('02', 2.1,'16:00','MEI991')
Insert into Park values('02', 2.1,'18:00','DLU559')
Insert into Park values('02', 2.2,'10:00','LXV303')
Insert into Park values('02', 2.6,'09:00','QVK816')
